level,tot_courses,totle_sups,avg_content_duration,totle_reviews,min_course_purchase,max_course_purchase,avg_prcie
All Levels,1807,5286210,5.008328721638076,343707,20,200,77.95240730492529
Beginner Level,1112,2309512,3.266007194244604,64328,20,200,63.59262589928058
Expert Level,58,50196,2.905459770114943,2333,20,200,91.12068965517241
Intermediate Level,391,537677,3.897527706734868,32315,20,200,66.67519181585678
